Date,Weighted_index
1/1/2020,14.505277
1/2/2020,14.50627734
1/3/2020,14.50627734
1/4/2020,14.50627734
1/5/2020,14.27501022
1/6/2020,12.86957187
1/7/2020,12.86957187
1/8/2020,15.47653627
1/9/2020,13.40859207
1/10/2020,13.40859207
1/11/2020,13.40859207
1/12/2020,12.33454413
1/13/2020,12.15421385
1/14/2020,12.70439366
1/15/2020,22.82413844
1/16/2020,14.76112325
1/17/2020,14.76112325
1/18/2020,14.76112325
1/19/2020,14.16855334
1/20/2020,10.62197648
1/21/2020,11.27674472
1/22/2020,15.21039554
1/23/2020,16.04018139
1/24/2020,16.04018139
1/25/2020,16.04018139
1/26/2020,14.78656711
1/27/2020,21.5851999
1/28/2020,12.0711086
1/29/2020,19.35562482
1/30/2020,10.60654749
1/31/2020,10.60654749
2/1/2020,10.60654749
2/2/2020,16.26946988
2/3/2020,15.38483764
2/4/2020,18.0669941
2/5/2020,8.393563737
2/6/2020,17.95092826
2/7/2020,17.95092826
2/8/2020,17.95092826
2/9/2020,18.41191031
2/10/2020,16.63553145
2/11/2020,21.43321958
2/12/2020,12.36964611
2/13/2020,23.96827883
2/14/2020,23.96827883
2/15/2020,23.96827883
2/16/2020,15.68358144
2/17/2020,16.65993462
2/18/2020,10.07070064
2/19/2020,13.51114725
2/20/2020,10.62954537
2/21/2020,10.62954537
2/22/2020,10.62954537
2/23/2020,12.01430477
2/24/2020,11.05128836
2/25/2020,10.92066223
2/26/2020,9.991548691
2/27/2020,21.57692178
2/28/2020,21.57692178
2/29/2020,21.57692178
3/1/2020,14.68244327
3/2/2020,12.95477524
3/3/2020,13.4875601
3/4/2020,17.72383012
3/5/2020,39.45984276
3/6/2020,39.45984276
3/7/2020,39.45984276
3/8/2020,21.20889848
3/9/2020,16.49938211
3/10/2020,12.75062247
3/11/2020,19.01067441
3/12/2020,19.01067441
3/13/2020,19.01067441
3/14/2020,19.01067441
3/15/2020,14.9503679
3/16/2020,15.02453706
3/17/2020,10.93302141
3/18/2020,14.08877044
3/19/2020,13.05339478
3/20/2020,13.05339478
3/21/2020,13.05339478
3/22/2020,23.1847029
3/23/2020,25.44873957
3/24/2020,18.91572297
3/25/2020,16.52937061
3/26/2020,15.20563392
3/27/2020,15.20563392
3/28/2020,15.20563392
3/29/2020,13.47497465
3/30/2020,15.75170768
3/31/2020,12.33937864
4/1/2020,14.66207748
4/2/2020,11.99545138
4/3/2020,11.99545138
4/4/2020,11.99545138
4/5/2020,14.20870802
4/6/2020,18.52428407
4/7/2020,11.76429497
4/8/2020,10.56991727
4/9/2020,11.90866033
4/10/2020,11.90866033
4/11/2020,11.90866033
4/12/2020,10.48886561
4/13/2020,17.27947632
4/14/2020,14.02579798
4/15/2020,14.50979726
4/16/2020,16.28357736
4/17/2020,16.28357736
4/18/2020,16.28357736
4/19/2020,16.28357736
4/20/2020,16.28357736
4/21/2020,17.98545125
4/22/2020,15.61774708
4/23/2020,14.88116836
4/24/2020,14.88116836
4/25/2020,14.88116836
4/26/2020,12.42181369
4/27/2020,15.0517454
4/28/2020,12.34007046
4/29/2020,16.89560275
4/30/2020,12.9868402
5/1/2020,12.9868402
5/2/2020,12.9868402
5/3/2020,13.74836578
5/4/2020,9.50157452
5/5/2020,12.82930646
5/6/2020,19.31410422
5/7/2020,14.38271959
5/8/2020,14.38271959
5/9/2020,14.38271959
5/10/2020,16.03814943
5/11/2020,12.57270924
5/12/2020,16.6364284
5/13/2020,9.401814727
5/14/2020,7.304351996
5/15/2020,7.304351996
5/16/2020,7.304351996
5/17/2020,8.761060435
5/18/2020,14.89495497
5/19/2020,11.94866042
5/20/2020,16.74074453
5/21/2020,19.80314949
5/22/2020,19.80314949
5/23/2020,19.80314949
5/24/2020,19.80314949
5/25/2020,19.80314949
5/26/2020,19.80314949
5/27/2020,19.80314949
5/28/2020,19.80314949
5/29/2020,19.80314949
5/30/2020,19.80314949
5/31/2020,27.82584569
6/1/2020,15.02548137
6/2/2020,13.20500157
6/3/2020,14.44364631
6/4/2020,14.9032819
6/5/2020,14.9032819
6/6/2020,14.9032819
6/7/2020,18.32964626
6/8/2020,15.71658001
6/9/2020,15.2618692
6/10/2020,10.73609617
6/11/2020,14.88757192
6/12/2020,14.88757192
6/13/2020,14.88757192
6/14/2020,13.15508925
6/15/2020,22.19913552
6/16/2020,22.41114496
6/17/2020,20.32788278
6/18/2020,16.17233374
6/19/2020,16.17233374
6/20/2020,16.17233374
6/21/2020,12.36876684
6/22/2020,9.511239418
6/23/2020,15.0567507
6/24/2020,15.71247289
6/25/2020,13.92892236
6/26/2020,13.92892236
6/27/2020,13.92892236
6/28/2020,12.24848223
6/29/2020,11.20220373
6/30/2020,8.553981826
7/1/2020,8.553981826
7/2/2020,8.553981826
7/3/2020,8.553981826
7/4/2020,8.553981826
7/5/2020,10.14263173
7/6/2020,13.94767432
7/7/2020,16.00834441
7/8/2020,23.70204666
7/9/2020,22.91915146
7/10/2020,22.91915146
7/11/2020,22.91915146
7/12/2020,18.84587661
7/13/2020,5.913961168
7/14/2020,15.64892069
7/15/2020,16.56919646
7/16/2020,13.05069984
7/17/2020,13.05069984
7/18/2020,13.05069984
7/19/2020,12.78401135
7/20/2020,13.60275917
7/21/2020,12.27264526
7/22/2020,5.977586557
7/23/2020,5.977586557
7/24/2020,5.977586557
7/25/2020,5.977586557
7/26/2020,9.562965474
7/27/2020,6.640853325
7/28/2020,14.0428633
7/29/2020,12.86046857
7/30/2020,12.86046857
7/31/2020,12.86046857
8/1/2020,12.86046857
8/2/2020,12.86046857
8/3/2020,12.86046857
8/4/2020,9.552627397
8/5/2020,11.88453312
8/6/2020,11.24362063
8/7/2020,11.24362063
8/8/2020,11.24362063
8/9/2020,20.51875548
8/10/2020,21.85754783
8/11/2020,9.465421574
8/12/2020,13.2959637
8/13/2020,12.36574221
8/14/2020,12.36574221
8/15/2020,12.36574221
8/16/2020,16.43123552
8/17/2020,14.81193274
8/18/2020,12.31629373
8/19/2020,16.91595524
8/20/2020,16.91595524
8/21/2020,16.91595524
8/22/2020,16.91595524
8/23/2020,19.92368525
8/24/2020,17.79385076
8/25/2020,12.42485348
8/26/2020,11.33885299
8/27/2020,11.6394901
8/28/2020,11.6394901
8/29/2020,11.6394901
8/30/2020,13.64535993
8/31/2020,13.60939343
9/1/2020,18.16328131
9/2/2020,14.27957949
9/3/2020,16.27980627
9/4/2020,16.27980627
9/5/2020,16.27980627
9/6/2020,15.44967071
9/7/2020,12.22234658
9/8/2020,16.74264553
9/9/2020,19.6264866
9/10/2020,13.86878011
9/11/2020,13.86878011
9/12/2020,13.86878011
9/13/2020,11.74311617
9/14/2020,11.17173353
9/15/2020,12.84937272
9/16/2020,10.31305662
9/17/2020,14.29068108
9/18/2020,14.29068108
9/19/2020,14.29068108
9/20/2020,14.8557138
9/21/2020,13.24755798
9/22/2020,16.97324799
9/23/2020,13.12562864
9/24/2020,17.07470031
9/25/2020,17.07470031
9/26/2020,17.07470031
9/27/2020,11.67141763
9/28/2020,9.606744132
9/29/2020,21.76165649
9/30/2020,23.3685362
10/1/2020,26.24383243
10/2/2020,26.24383243
10/3/2020,26.24383243
10/4/2020,32.95103407
10/5/2020,39.07979439
10/6/2020,31.2991852
10/7/2020,18.5603012
10/8/2020,18.5603012
10/9/2020,18.5603012
10/10/2020,18.5603012
10/11/2020,36.62162898
10/12/2020,18.88052024
10/13/2020,21.30738776
10/14/2020,19.76236062
10/15/2020,22.62860827
10/16/2020,22.62860827
10/17/2020,22.62860827
10/18/2020,21.84839201
10/19/2020,22.74216948
10/20/2020,29.41883996
10/21/2020,19.83327934
10/22/2020,4.749899642
10/23/2020,4.749899642
10/24/2020,4.749899642
10/25/2020,14.73605208
10/26/2020,23.58519978
10/27/2020,24.13431115
10/28/2020,24.8923215
10/29/2020,24.8923215
10/30/2020,24.8923215
10/31/2020,24.8923215
11/1/2020,14.69734319
11/2/2020,12.73287681
11/3/2020,13.23523753
11/4/2020,10.79292378
11/5/2020,11.53564903
11/6/2020,11.53564903
11/7/2020,11.53564903
11/8/2020,12.48970931
11/9/2020,15.78974321
11/10/2020,15.77292996
11/11/2020,16.51083986
11/12/2020,17.15887767
11/13/2020,17.15887767
11/14/2020,17.15887767
11/15/2020,11.24289554
11/16/2020,19.60427344
11/17/2020,17.55745369
11/18/2020,17.57857078
11/19/2020,14.49864059
11/20/2020,14.49864059
11/21/2020,14.49864059
11/22/2020,14.48676829
11/23/2020,10.01037472
11/24/2020,11.58485662
11/25/2020,12.48518491
11/26/2020,15.82278301
11/27/2020,15.82278301
11/28/2020,15.82278301
11/29/2020,13.2852728
11/30/2020,26.04619173
12/1/2020,6.003082326
12/2/2020,8.613433189
12/3/2020,15.28998327
12/4/2020,15.28998327
12/5/2020,15.28998327
12/6/2020,11.62886988
12/7/2020,11.61031653
12/8/2020,18.46350024
12/9/2020,16.51510984
12/10/2020,19.5794116
12/11/2020,19.5794116
12/12/2020,19.5794116
12/13/2020,19.74595066
12/14/2020,19.64079592
12/15/2020,15.52870841
12/16/2020,16.73301764
12/17/2020,17.95638398
12/18/2020,17.95638398
12/19/2020,17.95638398
12/20/2020,16.72988646
12/21/2020,19.83652175
12/22/2020,14.74611795
12/23/2020,17.11577129
12/24/2020,13.24540707
12/25/2020,13.24540707
12/26/2020,13.24540707
12/27/2020,10.70221641
12/28/2020,15.6519356
12/29/2020,16.78563287
12/30/2020,13.84277797
12/31/2020,10.70253486
1/1/2021,10.70253486
1/2/2021,10.70253486
1/3/2021,15.50442221
1/4/2021,27.30512552
1/5/2021,19.86709972
1/6/2021,24.40623293
1/7/2021,24.40623293
1/8/2021,24.40623293
1/9/2021,24.40623293
1/10/2021,15.62434313
1/11/2021,17.6079623
1/12/2021,11.01970973
1/13/2021,12.99220948
1/14/2021,18.59820488
1/15/2021,18.59820488
1/16/2021,18.59820488
1/17/2021,14.09461329
1/18/2021,19.04142325
1/19/2021,10.08245123
1/20/2021,6.520286489
1/21/2021,20.66795258
1/22/2021,20.66795258
1/23/2021,20.66795258
1/24/2021,15.50688911
1/25/2021,16.8776392
1/26/2021,14.24805382
1/27/2021,13.6412743
1/28/2021,13.6412743
1/29/2021,13.6412743
1/30/2021,13.6412743
1/31/2021,14.98344711
2/1/2021,8.786053569
2/2/2021,11.65006064
2/3/2021,14.019147
2/4/2021,11.32994299
2/5/2021,11.32994299
2/6/2021,11.32994299
2/7/2021,11.05375485
2/8/2021,17.3317218
2/9/2021,13.69453074
2/10/2021,8.585691239
2/11/2021,9.225377396
2/12/2021,9.225377396
2/13/2021,9.225377396
2/14/2021,10.56735533
2/15/2021,7.909926287
2/16/2021,9.017403145
2/17/2021,12.10982837
2/18/2021,13.79866295
2/19/2021,13.79866295
2/20/2021,13.79866295
2/21/2021,13.07801659
2/22/2021,12.97084463
2/23/2021,17.31380934
2/24/2021,14.11269168
2/25/2021,12.1457463
2/26/2021,12.1457463
2/27/2021,12.1457463
2/28/2021,27.38611284
3/1/2021,30.69604533
3/2/2021,18.05905277
3/3/2021,16.01627052
3/4/2021,11.36642283
3/5/2021,11.36642283
3/6/2021,11.36642283
3/7/2021,27.73967075
3/8/2021,22.48680639
3/9/2021,18.60465406
3/10/2021,19.83466286
3/11/2021,17.36152589
3/12/2021,17.36152589
3/13/2021,17.36152589
3/14/2021,16.15333102
3/15/2021,17.92797633
3/16/2021,21.7788475
3/17/2021,20.23322789
3/18/2021,15.46711694
3/19/2021,15.46711694
3/20/2021,15.46711694
3/21/2021,15.23221583
3/22/2021,17.02036138
3/23/2021,18.17982634
3/24/2021,13.87460676
3/25/2021,14.64235692
3/26/2021,14.64235692
3/27/2021,14.64235692
3/28/2021,16.55924452
3/29/2021,13.91941495
3/30/2021,16.29487632
3/31/2021,13.19304265
4/1/2021,18.89779305
4/2/2021,18.89779305
4/3/2021,18.89779305
4/4/2021,18.01058517
4/5/2021,17.37269699
4/6/2021,10.03668084
4/7/2021,13.14800778
4/8/2021,17.02708524
4/9/2021,17.02708524
4/10/2021,17.02708524
4/11/2021,14.1130444
4/12/2021,14.49655851
4/13/2021,23.08985144
4/14/2021,21.89139291
4/15/2021,10.16056757
4/16/2021,10.16056757
4/17/2021,10.16056757
4/18/2021,14.846789
4/19/2021,13.00335289
4/20/2021,14.30081471
4/21/2021,11.54846469
4/22/2021,16.11968576
4/23/2021,16.11968576
4/24/2021,16.11968576
4/25/2021,20.23295763
4/26/2021,14.9298415
4/27/2021,15.2783556
4/28/2021,30.97444174
4/29/2021,30.97444174
4/30/2021,30.97444174
5/1/2021,30.97444174
5/2/2021,30.97444174
5/3/2021,30.97444174
5/4/2021,15.97922815
5/5/2021,15.71911669
5/6/2021,14.25219889
5/7/2021,14.25219889
5/8/2021,14.25219889
5/9/2021,16.17594528
5/10/2021,11.94818401
5/11/2021,18.6144263
5/12/2021,18.6144263
5/13/2021,18.6144263
5/14/2021,18.6144263
5/15/2021,18.6144263
5/16/2021,18.6144263
5/17/2021,14.26836666
5/18/2021,15.95327366
5/19/2021,11.80045055
5/20/2021,7.755374172
5/21/2021,7.755374172
5/22/2021,7.755374172
5/23/2021,8.760997714
5/24/2021,9.397363071
5/25/2021,10.19920832
5/26/2021,6.235073909
5/27/2021,7.24293109
5/28/2021,7.24293109
5/29/2021,7.24293109
5/30/2021,5.823517521
5/31/2021,1.684840296
6/1/2021,2.25705549
6/2/2021,5.375803142
6/3/2021,10.75331942
6/4/2021,10.75331942
6/5/2021,10.75331942
6/6/2021,2.841817815
6/7/2021,3.087802033
6/8/2021,6.685300043
6/9/2021,9.01908198
6/10/2021,3.938464566
6/11/2021,3.938464566
6/12/2021,3.938464566
6/13/2021,2.007502971
6/14/2021,3.892949373
6/15/2021,4.544494451
6/16/2021,9.801480786
6/17/2021,5.778870349
6/18/2021,5.778870349
6/19/2021,5.778870349
6/20/2021,3.211483265
6/21/2021,6.579893622
6/22/2021,8.242657702
6/23/2021,10.01435099
6/24/2021,6.544683544
6/25/2021,6.544683544
6/26/2021,6.544683544
6/27/2021,7.071417406
6/28/2021,4.806317804
6/29/2021,6.141793392
6/30/2021,5.857439191
7/1/2021,5.857439191
7/2/2021,5.857439191
7/3/2021,5.857439191
7/4/2021,5.330266705
7/5/2021,7.058606867
7/6/2021,6.212202849
7/7/2021,4.385061155
7/8/2021,5.964927721
7/9/2021,5.964927721
7/10/2021,5.964927721
7/11/2021,4.933803293
7/12/2021,9.115468571
7/13/2021,9.313104798
7/14/2021,9.482157701
7/15/2021,10.00534924
7/16/2021,10.00534924
7/17/2021,10.00534924
7/18/2021,8.763235008
7/19/2021,8.763235008
7/20/2021,8.763235008
7/21/2021,8.763235008
7/22/2021,8.763235008
7/23/2021,8.763235008
7/24/2021,8.763235008
7/25/2021,15.52851524
7/26/2021,10.55522972
7/27/2021,8.631329649
7/28/2021,15.23414237
7/29/2021,14.03543853
7/30/2021,14.03543853
7/31/2021,14.03543853
8/1/2021,12.4005424
8/2/2021,11.76993459
8/3/2021,17.71493894
8/4/2021,10.22848068
8/5/2021,11.26118506
8/6/2021,11.26118506
8/7/2021,11.26118506
8/8/2021,6.481918069
8/9/2021,30.11752904
8/10/2021,26.34606344
8/11/2021,24.82356888
8/12/2021,24.82356888
8/13/2021,24.82356888
8/14/2021,24.82356888
8/15/2021,29.67263827
8/16/2021,10.91450619
8/17/2021,14.34665657
8/18/2021,14.16415068
8/19/2021,11.17547193
8/20/2021,11.17547193
8/21/2021,11.17547193
8/22/2021,18.83679663
8/23/2021,17.27344024
8/24/2021,13.71571625
8/25/2021,9.798435325
8/26/2021,17.79430574
8/27/2021,17.79430574
8/28/2021,17.79430574
8/29/2021,16.06660644
8/30/2021,15.35618132
8/31/2021,9.390780852
9/1/2021,9.085476931
9/2/2021,9.334234857
9/3/2021,9.334234857
9/4/2021,9.334234857
9/5/2021,14.64776076
9/6/2021,12.67275274
9/7/2021,18.11465048
9/8/2021,11.33649643
9/9/2021,9.050977232
9/10/2021,9.050977232
9/11/2021,9.050977232
9/12/2021,5.141178877
9/13/2021,9.53251381
9/14/2021,12.28183671
9/15/2021,6.006368095
9/16/2021,8.40389523
9/17/2021,8.40389523
9/18/2021,8.40389523
9/19/2021,13.44672915
9/20/2021,16.10092019
9/21/2021,20.24627038
9/22/2021,16.68091808
9/23/2021,11.8366899
9/24/2021,11.8366899
9/25/2021,11.8366899
9/26/2021,12.14941634
9/27/2021,15.55781012
9/28/2021,15.23135021
9/29/2021,19.70591922
9/30/2021,12.32455779
10/1/2021,12.32455779
10/2/2021,12.32455779
10/3/2021,10.92122066
10/4/2021,12.36995879
10/5/2021,11.6620434
10/6/2021,14.96712545
10/7/2021,14.96712545
10/8/2021,14.96712545
10/9/2021,14.96712545
10/10/2021,15.03040887
10/11/2021,15.21865155
10/12/2021,17.47301909
10/13/2021,11.10438557
10/14/2021,10.95513208
10/15/2021,10.95513208
10/16/2021,10.95513208
10/17/2021,16.98090104
10/18/2021,11.48682119
10/19/2021,12.48445516
10/20/2021,13.45857667
10/21/2021,13.45857667
10/22/2021,13.45857667
10/23/2021,13.45857667
10/24/2021,14.68620604
10/25/2021,24.09829989
10/26/2021,22.71046443
10/27/2021,15.93555321
10/28/2021,24.97664983
10/29/2021,24.97664983
10/30/2021,24.97664983
10/31/2021,16.08514405
11/1/2021,13.03288782
11/2/2021,11.66872844
11/3/2021,14.36375163
11/4/2021,19.4027965
11/5/2021,19.4027965
11/6/2021,19.4027965
11/7/2021,8.516079838
11/8/2021,12.87639993
11/9/2021,26.77053225
11/10/2021,25.78334855
11/11/2021,36.70576001
11/12/2021,36.70576001
11/13/2021,36.70576001
11/14/2021,23.31834541
11/15/2021,14.27057352
11/16/2021,17.50322202
11/17/2021,12.24733007
11/18/2021,19.07111236
11/19/2021,19.07111236
11/20/2021,19.07111236
11/21/2021,10.69191673
11/22/2021,13.5189811
11/23/2021,13.83182108
11/24/2021,12.06599696
11/25/2021,16.53282959
11/26/2021,16.53282959
11/27/2021,16.53282959
11/28/2021,13.17429646
11/29/2021,13.67219326
11/30/2021,23.39459713
12/1/2021,21.2464208
12/2/2021,18.79526316
12/3/2021,18.79526316
12/4/2021,18.79526316
12/5/2021,20.15160198
12/6/2021,27.16869055
12/7/2021,31.17063232
12/8/2021,25.20496307
12/9/2021,13.12973823
12/10/2021,13.12973823
12/11/2021,13.12973823
12/12/2021,13.93228224
12/13/2021,18.09319148
12/14/2021,24.75256677
12/15/2021,29.8061531
12/16/2021,12.53239412
12/17/2021,12.53239412
12/18/2021,12.53239412
12/19/2021,20.16025663
12/20/2021,22.15859612
12/21/2021,19.93813889
12/22/2021,17.61464247
12/23/2021,32.9717635
12/24/2021,32.9717635
12/25/2021,32.9717635
12/26/2021,35.24883447
12/27/2021,24.68914694
12/28/2021,15.21371086
12/29/2021,18.37314774
12/30/2021,15.28766268
12/31/2021,15.28766268
1/1/2022,15.28766268
1/2/2022,15.28706585
1/3/2022,15.53545287
1/4/2022,16.97398424
1/5/2022,23.7349139
1/6/2022,23.7349139
1/7/2022,23.7349139
1/8/2022,23.7349139
1/9/2022,17.93293365
1/10/2022,17.09118274
1/11/2022,11.73815706
1/12/2022,14.28067391
1/13/2022,15.24350233
1/14/2022,15.24350233
1/15/2022,15.24350233
1/16/2022,14.83216249
1/17/2022,15.16176515
1/18/2022,14.38400153
1/19/2022,11.61850784
1/20/2022,11.94234994
1/21/2022,11.94234994
1/22/2022,11.94234994
1/23/2022,12.33043736
1/24/2022,11.32993758
1/25/2022,10.80561527
1/26/2022,18.32466107
1/27/2022,18.32466107
1/28/2022,18.32466107
1/29/2022,18.32466107
1/30/2022,13.44598096
1/31/2022,15.19511168
2/1/2022,21.09579046
2/2/2022,14.02432483
2/3/2022,18.48121308
2/4/2022,18.48121308
2/5/2022,18.48121308
2/6/2022,24.39528035
2/7/2022,17.93843574
2/8/2022,12.92059727
2/9/2022,8.088535171
2/10/2022,13.06246579
2/11/2022,13.06246579
2/12/2022,13.06246579
2/13/2022,11.83426868
2/14/2022,18.43174499
2/15/2022,23.22527075
2/16/2022,15.7984686
2/17/2022,14.06845006
2/18/2022,14.06845006
2/19/2022,14.06845006
2/20/2022,17.49949538
2/21/2022,13.2160103
2/22/2022,10.05344269
2/23/2022,15.01770466
2/24/2022,11.35765694
2/25/2022,11.35765694
2/26/2022,11.35765694
2/27/2022,11.3096238
2/28/2022,10.60773266
3/1/2022,11.54185671
3/2/2022,12.84102819
3/3/2022,14.51381983
3/4/2022,14.51381983
3/5/2022,14.51381983
3/6/2022,11.16051432
3/7/2022,9.523742361
3/8/2022,10.20023763
3/9/2022,10.92060095
3/10/2022,9.942513639
3/11/2022,9.942513639
3/12/2022,9.942513639
3/13/2022,12.20804194
3/14/2022,7.350761579
3/15/2022,8.512948593
3/16/2022,10.62916728
3/17/2022,10.41899299
3/18/2022,10.41899299
3/19/2022,10.41899299
3/20/2022,10.26668301
3/21/2022,13.75562793
3/22/2022,16.95213621
3/23/2022,15.1095056
3/24/2022,16.1338769
3/25/2022,16.1338769
3/26/2022,16.1338769
3/27/2022,14.09865845
3/28/2022,12.2192569
3/29/2022,13.70911898
3/30/2022,15.46444892
3/31/2022,11.73619171
4/1/2022,11.73619171
4/2/2022,11.73619171
4/3/2022,11.09636564
4/4/2022,17.98313862
4/5/2022,18.8353503
4/6/2022,19.47922321
4/7/2022,16.74604791
4/8/2022,16.74604791
4/9/2022,16.74604791
4/10/2022,18.08267487
4/11/2022,9.870910589
4/12/2022,11.00309534
4/13/2022,10.05284956
4/14/2022,8.752672324
4/15/2022,8.752672324
4/16/2022,8.752672324
4/17/2022,8.836479991
4/18/2022,10.71041191
4/19/2022,11.03689692
4/20/2022,10.65426063
4/21/2022,14.64369706
4/22/2022,14.64369706
4/23/2022,14.64369706
4/24/2022,14.64369706
4/25/2022,14.64369706
4/26/2022,10.32409699
4/27/2022,8.178045392
4/28/2022,15.3599025
4/29/2022,15.3599025
4/30/2022,15.3599025
5/1/2022,15.3599025
5/2/2022,15.3599025
5/3/2022,15.3599025
5/4/2022,15.3599025
5/5/2022,15.3599025
5/6/2022,15.3599025
5/7/2022,15.3599025
5/8/2022,23.07827904
5/9/2022,17.74207503
5/10/2022,22.83719669
5/11/2022,14.91989225
5/12/2022,12.98126596
5/13/2022,12.98126596
5/14/2022,12.98126596
5/15/2022,8.602310949
5/16/2022,14.72503084
5/17/2022,13.32413019
5/18/2022,18.63475659
5/19/2022,11.91150593
5/20/2022,11.91150593
5/21/2022,11.91150593
5/22/2022,11.9776523
5/23/2022,16.10788598
5/24/2022,10.79041539
5/25/2022,8.563108815
5/26/2022,13.33797939
5/27/2022,13.33797939
5/28/2022,13.33797939
5/29/2022,10.87435381
5/30/2022,8.47776978
5/31/2022,7.946754118
6/1/2022,6.067399215
6/2/2022,11.02394543
6/3/2022,11.02394543
6/4/2022,11.02394543
6/5/2022,12.02412034
6/6/2022,14.67971537
6/7/2022,14.71088835
6/8/2022,15.04227801
6/9/2022,14.25749517
6/10/2022,14.25749517
6/11/2022,14.25749517
6/12/2022,20.88214178
6/13/2022,13.50910301
6/14/2022,24.7886487
6/15/2022,19.60504867
6/16/2022,12.99030724
6/17/2022,12.99030724
6/18/2022,12.99030724
6/19/2022,10.80753258
6/20/2022,14.00146289
6/21/2022,8.537714088
6/22/2022,9.98482594
6/23/2022,16.42915572
6/24/2022,16.42915572
6/25/2022,16.42915572
6/26/2022,22.99222993
6/27/2022,13.36483577
6/28/2022,12.0517948
6/29/2022,18.11056059
6/30/2022,18.11056059
7/1/2022,18.11056059
7/2/2022,18.11056059
7/3/2022,15.2001759
7/4/2022,15.22663506
7/5/2022,21.27648101
7/6/2022,18.56011133
7/7/2022,25.31754253
7/8/2022,25.31754253
7/9/2022,25.31754253
7/10/2022,25.31754253
7/11/2022,25.31754253
7/12/2022,25.31754253
7/13/2022,25.31754253
7/14/2022,25.31754253
7/15/2022,25.31754253
7/16/2022,25.31754253
7/17/2022,25.35706646
7/18/2022,20.77696517
7/19/2022,23.82468583
7/20/2022,18.78262775
7/21/2022,16.735256
7/22/2022,16.735256
7/23/2022,16.735256
7/24/2022,14.4620392
7/25/2022,14.30543484
7/26/2022,12.39642904
7/27/2022,13.51323051
7/28/2022,16.18205529
7/29/2022,16.18205529
7/30/2022,16.18205529
7/31/2022,13.7944935
8/1/2022,13.29028645
8/2/2022,16.16882296
8/3/2022,17.65740202
8/4/2022,14.56869872
8/5/2022,14.56869872
8/6/2022,14.56869872
8/7/2022,17.39128256
8/8/2022,15.23143498
8/9/2022,10.94252297
8/10/2022,12.78780231
8/11/2022,15.43121605
8/12/2022,15.43121605
8/13/2022,15.43121605
8/14/2022,19.10455067
8/15/2022,11.40097734
8/16/2022,23.05643822
8/17/2022,19.79314206
8/18/2022,19.28859767
8/19/2022,19.28859767
8/20/2022,19.28859767
8/21/2022,16.51718076
8/22/2022,23.2146923
8/23/2022,24.89375045
8/24/2022,22.62074077
8/25/2022,22.0206805
8/26/2022,22.0206805
8/27/2022,22.0206805
8/28/2022,21.75080566
8/29/2022,15.83319393
8/30/2022,19.84356825
8/31/2022,13.46163525
9/1/2022,12.58185893
9/2/2022,12.58185893
9/3/2022,12.58185893
9/4/2022,15.49779908
9/5/2022,16.64154345
9/6/2022,17.02125361
9/7/2022,14.69828075
9/8/2022,18.16893636
9/9/2022,18.16893636
9/10/2022,18.16893636
9/11/2022,20.75745477
9/12/2022,15.71115892
9/13/2022,15.67700889
9/14/2022,14.28445778
9/15/2022,10.7419568
9/16/2022,10.7419568
9/17/2022,10.7419568
9/18/2022,12.58379004
9/19/2022,14.79918216
9/20/2022,16.12703947
9/21/2022,20.19057988
9/22/2022,17.38736853
9/23/2022,17.38736853
9/24/2022,17.38736853
9/25/2022,14.16407684
9/26/2022,9.476718127
9/27/2022,9.85691222
9/28/2022,8.891060234
9/29/2022,6.833113144
9/30/2022,6.833113144
10/1/2022,6.833113144
10/2/2022,11.56598923
10/3/2022,7.739846421
10/4/2022,11.06507443
10/5/2022,9.080978111
10/6/2022,9.080978111
10/7/2022,9.080978111
10/8/2022,9.080978111
10/9/2022,10.25295856
10/10/2022,8.80887849
10/11/2022,10.61183174
10/12/2022,10.8124833
10/13/2022,10.16469852
10/14/2022,10.16469852
10/15/2022,10.16469852
10/16/2022,11.95414018
10/17/2022,9.53772739
10/18/2022,8.964593692
10/19/2022,8.960195663
10/20/2022,11.03062879
10/21/2022,11.03062879
10/22/2022,11.03062879
10/23/2022,13.18788427
10/24/2022,9.281642846
10/25/2022,13.97576279
10/26/2022,14.02542221
10/27/2022,13.4676017
10/28/2022,13.4676017
10/29/2022,13.4676017
10/30/2022,16.17885358
10/31/2022,10.95922595
11/1/2022,17.55659972
11/2/2022,16.24648084
11/3/2022,17.81607414
11/4/2022,17.81607414
11/5/2022,17.81607414
11/6/2022,18.28598086
11/7/2022,14.45681519
11/8/2022,9.153435165
11/9/2022,15.57735808
11/10/2022,16.37841027
11/11/2022,16.37841027
11/12/2022,16.37841027
11/13/2022,16.27483409
11/14/2022,11.74711023
11/15/2022,13.81401493
11/16/2022,15.16515861
11/17/2022,11.26779383
11/18/2022,11.26779383
11/19/2022,11.26779383
11/20/2022,12.67337413
11/21/2022,12.13568556
11/22/2022,15.10668334
11/23/2022,14.62404256
11/24/2022,13.24537213
11/25/2022,13.24537213
11/26/2022,13.24537213
11/27/2022,14.1504451
11/28/2022,13.7843721
11/29/2022,15.48901332
11/30/2022,13.58825054
12/1/2022,16.72266021
12/2/2022,16.72266021
12/3/2022,16.72266021
12/4/2022,19.12658769
12/5/2022,18.49134596
12/6/2022,18.12671082
12/7/2022,15.17177153
12/8/2022,13.06727548
12/9/2022,13.06727548
12/10/2022,13.06727548
12/11/2022,15.6243889
12/12/2022,16.23641804
12/13/2022,19.47588103
12/14/2022,16.12130202
12/15/2022,13.57324499
12/16/2022,13.57324499
12/17/2022,13.57324499
12/18/2022,14.32884996
12/19/2022,13.47426091
12/20/2022,9.638030652
12/21/2022,13.22307754
12/22/2022,10.53005469
12/23/2022,10.53005469
12/24/2022,10.53005469
12/25/2022,15.74781831
12/26/2022,13.47831428
12/27/2022,16.3191083
12/28/2022,14.46957089
12/29/2022,12.74787527
12/30/2022,12.74787527
12/31/2022,12.74787527
1/1/2023,12.74787527
1/2/2023,16.6017439
1/3/2023,16.11241792
1/4/2023,15.48944518
1/5/2023,17.77810976
1/6/2023,17.77810976
1/7/2023,17.77810976
1/8/2023,17.77810976
1/9/2023,18.08166432
1/10/2023,16.52772323
1/11/2023,16.75421932
1/12/2023,18.07431741
1/13/2023,18.07431741
1/14/2023,18.07431741
1/15/2023,19.11463062
1/16/2023,21.24068208
1/17/2023,21.41751318
1/18/2023,20.82089698
1/19/2023,13.94139484
1/20/2023,13.94139484
1/21/2023,13.94139484
1/22/2023,11.16284474
1/23/2023,16.04691122
1/24/2023,14.55008362
1/25/2023,21.56292021
1/26/2023,21.56292021
1/27/2023,21.56292021
1/28/2023,21.56292021
1/29/2023,18.813231
1/30/2023,16.40585653
1/31/2023,20.25192714
2/1/2023,14.92743648
2/2/2023,13.04701129
2/3/2023,13.04701129
2/4/2023,13.04701129
2/5/2023,15.16568361
2/6/2023,14.48002724
2/7/2023,14.4876896
2/8/2023,12.16561062
2/9/2023,16.27245467
2/10/2023,16.27245467
2/11/2023,16.27245467
2/12/2023,12.26514405
2/13/2023,9.734186182
2/14/2023,19.48395474
2/15/2023,16.60369557
2/16/2023,12.86390492
2/17/2023,12.86390492
2/18/2023,12.86390492
2/19/2023,12.68216002
2/20/2023,11.5385493
2/21/2023,13.14393864
2/22/2023,12.21613788
2/23/2023,15.41357385
2/24/2023,15.41357385
2/25/2023,15.41357385
2/26/2023,16.66574894
2/27/2023,12.15330341
2/28/2023,16.37800137
3/1/2023,13.56890587
3/2/2023,15.08753694
3/3/2023,15.08753694
3/4/2023,15.08753694
3/5/2023,13.50392946
3/6/2023,16.62954246
3/7/2023,13.05800799
3/8/2023,13.62879221
3/9/2023,13.38946433
3/10/2023,13.38946433
3/11/2023,13.38946433
3/12/2023,14.01409679
3/13/2023,15.06198043
3/14/2023,17.30298101
3/15/2023,12.91130236
3/16/2023,12.68051049
3/17/2023,12.68051049
3/18/2023,12.68051049
3/19/2023,9.801300631
3/20/2023,16.15236505
3/21/2023,13.26882802
3/22/2023,14.15826748
3/23/2023,9.194845883
3/24/2023,9.194845883
3/25/2023,9.194845883
3/26/2023,16.30223261
3/27/2023,10.07590379
3/28/2023,9.738910154
3/29/2023,10.93115866
3/30/2023,9.913159743
3/31/2023,9.913159743
4/1/2023,9.913159743
4/2/2023,17.52907208
4/3/2023,13.22679735
4/4/2023,17.14040629
4/5/2023,15.08437848
4/6/2023,14.05852324
4/7/2023,14.05852324
4/8/2023,14.05852324
4/9/2023,15.33802483
4/10/2023,11.79261527
4/11/2023,17.64017794
4/12/2023,16.51916215
4/13/2023,15.29210341
4/14/2023,15.29210341
4/15/2023,15.29210341
4/16/2023,15.29210341
4/17/2023,15.29210341
4/18/2023,17.80442387
4/19/2023,20.63463697
4/20/2023,20.63463697
4/21/2023,20.63463697
4/22/2023,20.63463697
4/23/2023,20.63463697
4/24/2023,20.63463697
4/25/2023,20.63463697
4/26/2023,15.73336706
4/27/2023,17.31325314
4/28/2023,17.31325314
4/29/2023,17.31325314
4/30/2023,15.31212195
5/1/2023,13.94894913
5/2/2023,13.42410198
5/3/2023,12.9520497
5/4/2023,12.9520497
5/5/2023,12.9520497
5/6/2023,12.9520497
5/7/2023,13.23545869
5/8/2023,14.55702047
5/9/2023,14.7387256
5/10/2023,13.97410282
5/11/2023,13.22646507
5/12/2023,13.22646507
5/13/2023,13.22646507
5/14/2023,14.00118098
5/15/2023,15.69594598
5/16/2023,12.16400341
5/17/2023,14.04579602
5/18/2023,13.74443655
5/19/2023,13.74443655
5/20/2023,13.74443655
5/21/2023,9.881434123
5/22/2023,10.97112191
5/23/2023,8.754530045
5/24/2023,10.75497552
5/25/2023,9.642665125
5/26/2023,9.642665125
5/27/2023,9.642665125
5/28/2023,10.12712488
5/29/2023,11.72121666
5/30/2023,14.25157854
5/31/2023,14.96599403
6/1/2023,9.295453235
6/2/2023,9.295453235
6/3/2023,9.295453235
6/4/2023,13.09820495
6/5/2023,14.51823678
6/6/2023,12.75936409
6/7/2023,15.34400175
6/8/2023,10.08176168
6/9/2023,10.08176168
6/10/2023,10.08176168
6/11/2023,13.06456743
6/12/2023,11.76329024
6/13/2023,10.82172826
6/14/2023,11.27998214
6/15/2023,10.26438556
6/16/2023,10.26438556
6/17/2023,10.26438556
6/18/2023,11.73332613
6/19/2023,10.49757427
6/20/2023,6.053708129
6/21/2023,6.829136743
6/22/2023,7.139998861
6/23/2023,7.139998861
6/24/2023,7.139998861
6/25/2023,9.660105178
6/26/2023,8.604805153
6/27/2023,8.604805153
6/28/2023,8.604805153
6/29/2023,8.604805153
6/30/2023,8.604805153
7/1/2023,8.604805153
7/2/2023,8.604805153
7/3/2023,8.604805153
7/4/2023,10.19740247
7/5/2023,9.771631178
7/6/2023,6.46666841
7/7/2023,6.46666841
7/8/2023,6.46666841
7/9/2023,7.766276951
7/10/2023,8.561930104
7/11/2023,9.479413378
7/12/2023,7.495128615
7/13/2023,12.28529776
7/14/2023,12.28529776
7/15/2023,12.28529776
7/16/2023,11.85170868
7/17/2023,11.30823097
7/18/2023,11.63795249
7/19/2023,5.294008084
7/20/2023,5.294008084
7/21/2023,5.294008084
7/22/2023,5.294008084
7/23/2023,5.294008084
7/24/2023,6.444118244
7/25/2023,10.25043482
7/26/2023,8.41242836
7/27/2023,0.985691878
7/28/2023,0.985691878
7/29/2023,0.985691878
7/30/2023,1.786342676
7/31/2023,4.057739745
8/1/2023,2.346228539
8/2/2023,1.322636781
8/3/2023,1.373296113
8/4/2023,1.373296113
8/5/2023,1.373296113
8/6/2023,3.448562876
8/7/2023,4.222018901
8/8/2023,2.988753147
8/9/2023,5.588222845
8/10/2023,3.450249662
8/11/2023,3.450249662
8/12/2023,3.450249662
8/13/2023,3.53697629
8/14/2023,6.219447761
8/15/2023,3.227955246
8/16/2023,2.917866889
8/17/2023,2.602886006
8/18/2023,2.602886006
8/19/2023,2.602886006
8/20/2023,3.180152925
8/21/2023,5.096840407
8/22/2023,7.813161779
8/23/2023,4.415555414
8/24/2023,5.1693958
8/25/2023,5.1693958
8/26/2023,5.1693958
8/27/2023,10.01872652
8/28/2023,3.935162416
8/29/2023,4.505109229
8/30/2023,8.840027313
8/31/2023,6.612673934
9/1/2023,6.612673934
9/2/2023,6.612673934
9/3/2023,7.281213747
9/4/2023,4.902892953
9/5/2023,6.077265348
9/6/2023,11.60416046
9/7/2023,9.292805405
9/8/2023,9.292805405
9/9/2023,9.292805405
9/10/2023,6.533341575
9/11/2023,12.94652049
9/12/2023,8.517894438
9/13/2023,11.80563347
9/14/2023,10.58955132
9/15/2023,10.58955132
9/16/2023,10.58955132
9/17/2023,3.928339311
9/18/2023,4.329074365
9/19/2023,6.443402181
9/20/2023,11.02200751
9/21/2023,7.598883581
9/22/2023,7.598883581
9/23/2023,7.598883581
9/24/2023,8.093193812
9/25/2023,6.892609839
9/26/2023,8.122341621
9/27/2023,14.93583614
9/28/2023,14.93583614
9/29/2023,14.93583614
9/30/2023,14.93583614
10/1/2023,11.62361323
10/2/2023,10.75730203
10/3/2023,10.20035298
10/4/2023,6.830634223
10/5/2023,6.830634223
10/6/2023,6.830634223
10/7/2023,6.830634223
10/8/2023,8.442210844
10/9/2023,5.754863439
10/10/2023,7.322098837
10/11/2023,9.468290252
10/12/2023,25.74138141
10/13/2023,25.74138141
10/14/2023,25.74138141
10/15/2023,9.970170519
10/16/2023,7.468956412
10/17/2023,9.925250571
10/18/2023,7.673931916
10/19/2023,5.857736273
10/20/2023,5.857736273
10/21/2023,5.857736273
10/22/2023,8.306252468
10/23/2023,9.522916505
10/24/2023,8.179590312
10/25/2023,8.909576728
10/26/2023,10.55800078
10/27/2023,10.55800078
10/28/2023,10.55800078
10/29/2023,4.655814201
10/30/2023,4.694594321
10/31/2023,4.725477184
11/1/2023,5.574321909
11/2/2023,6.448151058
11/3/2023,6.448151058
11/4/2023,6.448151058
11/5/2023,3.913880394
11/6/2023,11.05322644
11/7/2023,13.35884789
11/8/2023,9.867306077
11/9/2023,11.18139251
11/10/2023,11.18139251
11/11/2023,11.18139251
11/12/2023,10.0505335
11/13/2023,9.29910927
11/14/2023,8.63699802
11/15/2023,17.71676524
11/16/2023,7.291692385
11/17/2023,7.291692385
11/18/2023,7.291692385
11/19/2023,8.048137036
11/20/2023,13.00195023
11/21/2023,11.56953192
11/22/2023,15.28630226
11/23/2023,9.227983093
11/24/2023,9.227983093
11/25/2023,9.227983093
11/26/2023,10.09017797
11/27/2023,18.4719242
11/28/2023,11.05163406
11/29/2023,9.210114099
11/30/2023,13.59133907
12/1/2023,13.59133907
12/2/2023,13.59133907
12/3/2023,22.23192505
12/4/2023,12.45399912
12/5/2023,7.481692146
12/6/2023,17.53775649
12/7/2023,14.47289732
12/8/2023,14.47289732
12/9/2023,14.47289732
12/10/2023,18.15509784
12/11/2023,12.80285298
12/12/2023,14.50653905
12/13/2023,8.670516761
12/14/2023,6.351492572
12/15/2023,6.351492572
12/16/2023,6.351492572
12/17/2023,5.85009966
12/18/2023,13.03045168
12/19/2023,12.50614655
12/20/2023,9.181596137
12/21/2023,11.57697888
12/22/2023,11.57697888
12/23/2023,11.57697888
12/24/2023,13.31868572
12/25/2023,11.01970324
12/26/2023,8.057958011
12/27/2023,10.16670185
12/28/2023,5.853496057
12/29/2023,5.853496057
12/30/2023,5.853496057
12/31/2023,5.853496057
